Country,Code,Date,Dose,Dose_per_10000,New_case_per_10000
Malaysia,MYS,2021-02-25,1152,0.343163539,79.232
Malaysia,MYS,2021-02-26,2632,0.784033363,76.357
Malaysia,MYS,2021-02-27,3997,1.19064641,75.949
Malaysia,MYS,2021-02-28,4679,1.393803992,72.329
Malaysia,MYS,2021-03-01,6824,2.032767352,70.797
Malaysia,MYS,2021-03-02,9299,2.770032767,66.954
Malaysia,MYS,2021-03-03,11213,3.340184689,59.377
Malaysia,MYS,2021-03-04,13838,4.122132857,59.962
Malaysia,MYS,2021-03-05,15304,4.558832291,59.545
Malaysia,MYS,2021-03-06,16608,4.947274352,56.666
Malaysia,MYS,2021-03-07,17449,5.197795651,53.492
Malaysia,MYS,2021-03-08,19137,5.700625559,52.234
Malaysia,MYS,2021-03-09,20345,6.060470658,51.076
Malaysia,MYS,2021-03-10,21215,6.319630623,49.826
Malaysia,MYS,2021-03-11,22215,6.617515639,48.075
Malaysia,MYS,2021-03-12,23894,7.117664581,45.638
Malaysia,MYS,2021-03-13,24067,7.169198689,44.754
Malaysia,MYS,2021-03-14,23739,7.071492404,43.369
Malaysia,MYS,2021-03-15,22764,6.781054513,42.018
Malaysia,MYS,2021-03-16,22100,6.583258862,41.104
Malaysia,MYS,2021-03-17,20968,6.246053024,40.14
Malaysia,MYS,2021-03-18,19767,5.888293119,38.313
Malaysia,MYS,2021-03-19,18117,5.396782842,38.318
Malaysia,MYS,2021-03-20,17653,5.258564194,39.164
Malaysia,MYS,2021-03-21,18403,5.481977957,39.05
Malaysia,MYS,2021-03-22,18961,5.648197796,38.663
Malaysia,MYS,2021-03-23,19488,5.805183199,40.014
Malaysia,MYS,2021-03-24,20667,6.156389634,40.22
Malaysia,MYS,2021-03-25,21766,6.483765267,40.839
Malaysia,MYS,2021-03-26,22077,6.576407507,39.572
Malaysia,MYS,2021-03-27,22411,6.675901102,37.585
Malaysia,MYS,2021-03-28,22562,6.72088174,37.48
Malaysia,MYS,2021-03-29,24127,7.18707179,36.743
Malaysia,MYS,2021-03-30,25810,7.688412273,35.687
Malaysia,MYS,2021-03-31,27002,8.043491212,36.587
Malaysia,MYS,2021-04-01,29384,8.753053321,35.821
Malaysia,MYS,2021-04-02,31345,9.337205839,35.901
Malaysia,MYS,2021-04-03,31527,9.391420912,37.749
Malaysia,MYS,2021-04-04,31324,9.330950253,37.947
Malaysia,MYS,2021-04-05,30389,9.052427763,38.49
Malaysia,MYS,2021-04-06,29214,8.702412869,39.193
Malaysia,MYS,2021-04-07,28297,8.429252309,37.749
Malaysia,MYS,2021-04-08,26073,7.766756032,38.2
Malaysia,MYS,2021-04-09,24807,7.389633601,40.557
Malaysia,MYS,2021-04-10,24567,7.318141197,40.018
Malaysia,MYS,2021-04-11,25709,7.658325886,41.66
Malaysia,MYS,2021-04-12,27228,8.110813226,42.699
Malaysia,MYS,2021-04-13,26055,7.761394102,44.665
Malaysia,MYS,2021-04-14,25718,7.661006851,47.822
Malaysia,MYS,2021-04-15,25770,7.676496872,51.455
Malaysia,MYS,2021-04-16,25475,7.588620792,54.389
Malaysia,MYS,2021-04-17,24609,7.330652368,57.845
Malaysia,MYS,2021-04-18,22714,6.766160262,59.764
Malaysia,MYS,2021-04-19,21833,6.503723563,62.967
Malaysia,MYS,2021-04-20,23100,6.881143878,65.384
Malaysia,MYS,2021-04-21,22962,6.840035746,67.282
Malaysia,MYS,2021-04-22,23293,6.938635687,70.342
Malaysia,MYS,2021-04-23,23203,6.911826035,71.588
Malaysia,MYS,2021-04-24,23458,6.987786714,73.213
Malaysia,MYS,2021-04-25,24162,7.197497766,75.296
Malaysia,MYS,2021-04-26,23754,7.075960679,78.235
Malaysia,MYS,2021-04-27,23946,7.133154602,79.885
Malaysia,MYS,2021-04-28,25663,7.644623175,83.261
Malaysia,MYS,2021-04-29,23227,6.918975276,85.184
Malaysia,MYS,2021-04-30,24340,7.250521299,89.145
Malaysia,MYS,2021-05-01,23487,6.99642538,89.836
Malaysia,MYS,2021-05-02,23620,7.036044087,92.9
Malaysia,MYS,2021-05-03,26616,7.928507596,91.738
Malaysia,MYS,2021-05-04,28777,8.572237116,93.367
Malaysia,MYS,2021-05-05,30965,9.224009532,95.901
Malaysia,MYS,2021-05-06,37158,11.06881144,96.823
Malaysia,MYS,2021-05-07,40180,11.96901996,99.812
Malaysia,MYS,2021-05-08,43275,12.89097408,106.707
Malaysia,MYS,2021-05-09,45669,13.60411081,108.032
Malaysia,MYS,2021-05-10,47146,14.04408698,113.534
Malaysia,MYS,2021-05-11,47027,14.00863867,117.125
Malaysia,MYS,2021-05-12,41759,12.4393804,121.422
Malaysia,MYS,2021-05-13,33792,10.06613047,126.911
Malaysia,MYS,2021-05-14,26964,8.032171582,125.291
Malaysia,MYS,2021-05-15,24654,7.344057194,123.695
Malaysia,MYS,2021-05-16,21489,6.401251117,123.893
Malaysia,MYS,2021-05-17,21361,6.363121835,126.583
Malaysia,MYS,2021-05-18,25545,7.609472744,130.338
Malaysia,MYS,2021-05-19,35010,10.42895442,135.852
Malaysia,MYS,2021-05-20,46617,13.88650581,144.064
Malaysia,MYS,2021-05-21,55352,16.48853143,154.083
Malaysia,MYS,2021-05-22,60459,18.00983021,163.259
Malaysia,MYS,2021-05-23,65620,19.54721478,176.712
Malaysia,MYS,2021-05-24,70651,21.04587429,185.396
Malaysia,MYS,2021-05-25,73857,22.00089366,195.599
Malaysia,MYS,2021-05-26,65005,19.36401549,201.505
Malaysia,MYS,2021-05-27,68902,20.5248734,205.929
Malaysia,MYS,2021-05-28,70819,21.09591898,213.493
Malaysia,MYS,2021-05-29,73606,21.92612452,224.858
Malaysia,MYS,2021-05-30,75946,22.62317545,224.955
Malaysia,MYS,2021-05-31,76014,22.64343164,226.281
Malaysia,MYS,2021-06-01,75911,22.61274948,225.506
Malaysia,MYS,2021-06-02,87991,26.21120048,226.454
Malaysia,MYS,2021-06-03,89527,26.66875186,227.935
Malaysia,MYS,2021-06-04,91938,27.38695264,225.654
Malaysia,MYS,2021-06-05,92999,27.70300864,219.054
Malaysia,MYS,2021-06-06,95852,28.55287459,215.863
Malaysia,MYS,2021-06-07,91501,27.25677688,209.326
Malaysia,MYS,2021-06-08,99364,29.59904677,202.848
Malaysia,MYS,2021-06-09,106536,31.73547811,196.685
Malaysia,MYS,2021-06-10,112535,33.52249032,186.002
Malaysia,MYS,2021-06-11,117567,35.02144772,182.218
Malaysia,MYS,2021-06-12,126714,37.74620197,175.234
Malaysia,MYS,2021-06-13,133745,39.84063152,171.29
Malaysia,MYS,2021-06-14,153472,45.71700923,169.935
Malaysia,MYS,2021-06-15,163248,48.62913315,169.316
Malaysia,MYS,2021-06-16,171460,51.07536491,164.732
Malaysia,MYS,2021-06-17,181219,53.98242478,165.014
Malaysia,MYS,2021-06-18,189683,56.50372356,163.293
Malaysia,MYS,2021-06-19,194626,57.9761692,163.789
Malaysia,MYS,2021-06-20,196729,58.60262139,163.743
Malaysia,MYS,2021-06-21,202665,60.37086685,162.32
Malaysia,MYS,2021-06-22,207937,61.94131665,159.475
Malaysia,MYS,2021-06-23,215217,64.10991957,159.87
Malaysia,MYS,2021-06-24,222110,66.16324099,160.304
Malaysia,MYS,2021-06-25,227433,67.74888293,157.66
Malaysia,MYS,2021-06-26,231276,68.89365505,157.206
Malaysia,MYS,2021-06-27,235742,70.22400953,158.439
Malaysia,MYS,2021-06-28,230694,68.72028597,160.994
Malaysia,MYS,2021-06-29,228423,68.0437891,168.125
Malaysia,MYS,2021-06-30,229179,68.26899017,172.469
Malaysia,MYS,2021-07-01,228099,67.94727435,177.297
Malaysia,MYS,2021-07-02,230639,68.70390229,182.222
Malaysia,MYS,2021-07-03,234221,69.77092642,185.821
Malaysia,MYS,2021-07-04,239640,71.38516533,187.753
Malaysia,MYS,2021-07-05,256483,76.40244266,192.674
Malaysia,MYS,2021-07-06,272469,81.16443253,197.796
Malaysia,MYS,2021-07-07,290272,86.46767948,201.252
Malaysia,MYS,2021-07-08,307475,91.59219541,209.166
Malaysia,MYS,2021-07-09,323146,96.2603515,218.418
Malaysia,MYS,2021-07-10,339204,101.0437891,229.762
Malaysia,MYS,2021-07-11,350965,104.5472148,242.643
Malaysia,MYS,2021-07-12,366247,109.0994936,251.848
Malaysia,MYS,2021-07-13,378202,112.660709,266.265
Malaysia,MYS,2021-07-14,387343,115.3836759,285.296
Malaysia,MYS,2021-07-15,399991,119.1513256,303.594
Malaysia,MYS,2021-07-16,409645,122.0271075,317.741
Malaysia,MYS,2021-07-17,418370,124.6261543,331.106
Malaysia,MYS,2021-07-18,426741,127.1197498,337.862
Malaysia,MYS,2021-07-19,427950,127.4798928,347.956
Malaysia,MYS,2021-07-20,409682,122.0381293,353.373
Malaysia,MYS,2021-07-21,409730,122.0524278,354.918
Malaysia,MYS,2021-07-22,415609,123.8036938,354.156
Malaysia,MYS,2021-07-23,424355,126.4089961,366.919
Malaysia,MYS,2021-07-24,429507,127.9436997,381.121
Malaysia,MYS,2021-07-25,438202,130.5338099,407.787
Malaysia,MYS,2021-07-26,451795,134.582961,422.705
Malaysia,MYS,2021-07-27,489030,145.6747096,438.494
Malaysia,MYS,2021-07-28,506625,150.9159964,461.309
Malaysia,MYS,2021-07-29,515419,153.5355973,478.719
Malaysia,MYS,2021-07-30,523566,155.9624665,484.052
Malaysia,MYS,2021-07-31,539388,160.6756032,491.982
Malaysia,MYS,2021-08-01,550625,164.0229371,492.424
Malaysia,MYS,2021-08-02,543593,161.9282097,497.677
Malaysia,MYS,2021-08-03,533947,159.0548108,501.836
Malaysia,MYS,2021-08-04,524470,156.2317545,511.998
Malaysia,MYS,2021-08-05,518365,154.4131665,526.419
Malaysia,MYS,2021-08-06,509101,151.6535597,543.462
Malaysia,MYS,2021-08-07,495963,147.7399464,549.654
Malaysia,MYS,2021-08-08,483945,144.1599643,556.128
Malaysia,MYS,2021-08-09,483822,144.1233244,562.324
Malaysia,MYS,2021-08-10,465812,138.7584153,574.472
Malaysia,MYS,2021-08-11,466320,138.9097408,578.518
Malaysia,MYS,2021-08-12,468268,139.4900209,583.03
Malaysia,MYS,2021-08-13,471987,140.5978552,585.467
Malaysia,MYS,2021-08-14,474722,141.4125707,591.415
Malaysia,MYS,2021-08-15,478790,142.624367,599.236
Malaysia,MYS,2021-08-16,484288,144.2621388,609.776
Malaysia,MYS,2021-08-17,508704,151.5352994,608.261
Malaysia,MYS,2021-08-18,516226,153.7759905,614.415
Malaysia,MYS,2021-08-19,515780,153.6431338,619.803
Malaysia,MYS,2021-08-20,518340,154.4057194,628.626
Malaysia,MYS,2021-08-21,522673,155.6964552,635.327
Malaysia,MYS,2021-08-22,526224,156.7542449,632.216
Malaysia,MYS,2021-08-23,510815,152.1641346,623.511
Malaysia,MYS,2021-08-24,496152,147.7962466,628.588
Malaysia,MYS,2021-08-25,478958,142.6744117,630.271
Malaysia,MYS,2021-08-26,463348,138.0244266,637.221
Malaysia,MYS,2021-08-27,443731,132.1808162,630.932
Malaysia,MYS,2021-08-28,425467,126.7402443,632.342
Malaysia,MYS,2021-08-29,406564,121.1093238,635.592
Malaysia,MYS,2021-08-30,402774,119.9803396,642.31
Malaysia,MYS,2021-08-31,379985,113.191838,642.563
Malaysia,MYS,2021-09-01,377004,112.3038427,626.23
Malaysia,MYS,2021-09-02,371976,110.8060769,611.031
Malaysia,MYS,2021-09-03,369349,110.0235329,599.699
Malaysia,MYS,2021-09-04,364003,108.4310396,584.798
Malaysia,MYS,2021-09-05,361710,107.7479893,584.028
Malaysia,MYS,2021-09-06,354737,105.6708371,575.963
Malaysia,MYS,2021-09-07,363951,108.4155496,566.071
Malaysia,MYS,2021-09-08,352634,105.0443849,570.158
Malaysia,MYS,2021-09-09,345281,102.8540363,563.082
Malaysia,MYS,2021-09-10,339331,101.0816205,570.65
Malaysia,MYS,2021-09-11,332215,98.96187072,572.726
Malaysia,MYS,2021-09-12,322772,96.14894251,567.683
Malaysia,MYS,2021-09-13,309673,92.24694668,562.299
Malaysia,MYS,2021-09-14,297670,88.67143283,550.185
Malaysia,MYS,2021-09-15,286524,85.35120643,549.183
Malaysia,MYS,2021-09-16,267559,79.7018171,547.112
Malaysia,MYS,2021-09-17,259779,77.38427167,531.962
Malaysia,MYS,2021-09-18,255286,76.04587429,515.121
Malaysia,MYS,2021-09-19,253583,75.53857611,497.257
Malaysia,MYS,2021-09-20,262270,78.12630325,489.983
Malaysia,MYS,2021-09-21,263377,78.45606196,490.362
Malaysia,MYS,2021-09-22,272994,81.32082216,471.399
Malaysia,MYS,2021-09-23,291188,86.74054215,450.095
Malaysia,MYS,2021-09-24,295305,87.96693476,437.37
Malaysia,MYS,2021-09-25,298614,88.95263628,430.425
Malaysia,MYS,2021-09-26,304993,90.8528448,422.638
Malaysia,MYS,2021-09-27,308622,91.93386953,408.385
Malaysia,MYS,2021-09-28,318421,94.8528448,389.75
Malaysia,MYS,2021-09-29,320471,95.46350909,378.991
Malaysia,MYS,2021-09-30,319851,95.27882038,374.702
Malaysia,MYS,2021-10-01,313681,93.44086982,363.484
Malaysia,MYS,2021-10-02,305904,91.12421805,350.923
Malaysia,MYS,2021-10-03,296554,88.33899315,333.926
Malaysia,MYS,2021-10-04,282075,84.025916,321.786
Malaysia,MYS,2021-10-05,266421,79.36282395,311.2
Malaysia,MYS,2021-10-06,246966,73.56747096,298.345
Malaysia,MYS,2021-10-07,227162,67.66815609,286.369
Malaysia,MYS,2021-10-08,217947,64.92314567,277.37
Malaysia,MYS,2021-10-09,207624,61.84807864,268.227
Malaysia,MYS,2021-10-10,196063,58.40422997,261.101
Malaysia,MYS,2021-10-11,190296,56.68632708,255.351
Malaysia,MYS,2021-10-12,187811,55.94608281,248.864
Malaysia,MYS,2021-10-13,187553,55.86922848,242.845
Malaysia,MYS,2021-10-14,189204,56.36103664,235.243
Malaysia,MYS,2021-10-15,189381,56.41376229,225.431
Malaysia,MYS,2021-10-16,187433,55.83348228,220.236
Malaysia,MYS,2021-10-17,188184,56.05719392,215.067
Malaysia,MYS,2021-10-18,191128,56.93416741,209.7
Malaysia,MYS,2021-10-19,180030,53.6282395,203.256
Malaysia,MYS,2021-10-20,187346,55.80756628,193.01
Malaysia,MYS,2021-10-21,191751,57.11974978,185.122
Malaysia,MYS,2021-10-22,189034,56.31039619,181.797
Malaysia,MYS,2021-10-23,186588,55.58176944,174.721
Malaysia,MYS,2021-10-24,185073,55.13047364,172.705
Malaysia,MYS,2021-10-25,181643,54.10872803,169.96
Malaysia,MYS,2021-10-26,188762,56.22937146,169.88
Malaysia,MYS,2021-10-27,175521,52.28507596,172.54
Malaysia,MYS,2021-10-28,167898,50.01429848,173.243
Malaysia,MYS,2021-10-29,164911,49.12451594,170.844
Malaysia,MYS,2021-10-30,159077,47.38665475,170.954
Malaysia,MYS,2021-10-31,149867,44.64313375,168.062
Malaysia,MYS,2021-11-01,138408,41.22966935,167.405
Malaysia,MYS,2021-11-02,129419,38.55198094,164.648
Malaysia,MYS,2021-11-03,121293,36.13136729,161.041
Malaysia,MYS,2021-11-04,99829,29.7375633,158.246
Malaysia,MYS,2021-11-05,91300,27.196902,153.455
Malaysia,MYS,2021-11-06,86244,25.69079535,148.602
Malaysia,MYS,2021-11-07,82483,24.57044981,145.925
Malaysia,MYS,2021-11-08,82495,24.57402443,145.575
Malaysia,MYS,2021-11-09,81469,24.2683944,146.973
Malaysia,MYS,2021-11-10,83826,24.97050938,150.98
Malaysia,MYS,2021-11-11,98865,29.45040214,153.548
Malaysia,MYS,2021-11-12,103551,30.84629133,160.262
Malaysia,MYS,2021-11-13,105650,31.47155198,164.926
Malaysia,MYS,2021-11-14,106423,31.7018171,168.373
Malaysia,MYS,2021-11-15,105505,31.42835865,170.899
Malaysia,MYS,2021-11-16,106315,31.66964552,170.941
Malaysia,MYS,2021-11-17,104403,31.10008937,171.13
Malaysia,MYS,2021-11-18,101424,30.2126899,171.37
Malaysia,MYS,2021-11-19,99990,29.78552279,170.688
Malaysia,MYS,2021-11-20,98400,29.31188561,170.899
Malaysia,MYS,2021-11-21,97326,28.9919571,169.602
Malaysia,MYS,2021-11-22,98249,29.26690497,168.516
Malaysia,MYS,2021-11-23,100365,29.89722967,169.278
Malaysia,MYS,2021-11-24,103313,30.7753947,167.035
Malaysia,MYS,2021-11-25,105509,31.42955019,166.041
Malaysia,MYS,2021-11-26,106575,31.74709562,162.446
Malaysia,MYS,2021-11-27,107772,32.10366399,159.239
Malaysia,MYS,2021-11-28,108439,32.30235329,156.65
Malaysia,MYS,2021-11-29,108349,32.27554364,153.291
Malaysia,MYS,2021-11-30,108246,32.24486148,150.281
Malaysia,MYS,2021-12-01,108792,32.4075067,148.951
Malaysia,MYS,2021-12-02,110391,32.88382484,147.529
Malaysia,MYS,2021-12-03,112272,33.44414656,147.739
Malaysia,MYS,2021-12-04,114465,34.0974084,146.893
Malaysia,MYS,2021-12-05,116401,34.67411379,147.141
Malaysia,MYS,2021-12-06,115004,34.25796842,147.878
Malaysia,MYS,2021-12-07,113642,33.85224903,148.24
Malaysia,MYS,2021-12-08,111299,33.15430444,146.476
Malaysia,MYS,2021-12-09,110065,32.78671433,144.961
Malaysia,MYS,2021-12-10,109886,32.73339291,142.886
Malaysia,MYS,2021-12-11,110159,32.81471552,141.749
Malaysia,MYS,2021-12-12,111927,33.34137623,138.348
Malaysia,MYS,2021-12-13,116400,34.67381591,135.157
Malaysia,MYS,2021-12-14,121649,36.23741436,131.504
Malaysia,MYS,2021-12-15,127945,38.11289842,126.789
Malaysia,MYS,2021-12-16,132388,39.43640155,121.805
Malaysia,MYS,2021-12-17,137696,41.01757522,118.876
Malaysia,MYS,2021-12-18,137676,41.01161752,116.59
Malaysia,MYS,2021-12-19,139325,41.50282991,114.982
Malaysia,MYS,2021-12-20,141645,42.19392315,111.131
Malaysia,MYS,2021-12-21,142470,42.43967828,107.102
Malaysia,MYS,2021-12-22,143478,42.73994638,105.498
Malaysia,MYS,2021-12-23,144185,42.95055109,102.333
Malaysia,MYS,2021-12-24,141207,42.06344951,98.822
Malaysia,MYS,2021-12-25,134388,40.03217158,94.937
Malaysia,MYS,2021-12-26,132179,39.37414358,93.548
Malaysia,MYS,2021-12-27,129758,38.65296396,94.255
Malaysia,MYS,2021-12-28,127679,38.03366101,93.232
Malaysia,MYS,2021-12-29,128900,38.39737861,93.923
Malaysia,MYS,2021-12-30,132894,39.58713137,95.973
Malaysia,MYS,2021-12-31,138824,41.35358951,96.162
Malaysia,MYS,2022-01-01,141127,42.03961871,97.113
Malaysia,MYS,2022-01-02,145564,43.36133452,97.551
Malaysia,MYS,2022-01-03,157150,46.81263032,97.269
Malaysia,MYS,2022-01-04,169853,50.59666369,97.038
Malaysia,MYS,2022-01-05,178466,53.16234733,95.299
Malaysia,MYS,2022-01-06,185282,55.19273161,93.388
Malaysia,MYS,2022-01-07,190386,56.71313673,92.58
Malaysia,MYS,2022-01-08,202660,60.36937742,92.012
Malaysia,MYS,2022-01-09,204948,61.05093834,92.037
Malaysia,MYS,2022-01-10,206941,61.64462318,91.831
Malaysia,MYS,2022-01-11,208615,62.14328269,93.232
Malaysia,MYS,2022-01-12,210097,62.58474829,92.929
Malaysia,MYS,2022-01-13,212126,63.18915699,93.523
Malaysia,MYS,2022-01-14,214684,63.95114686,93.376
Malaysia,MYS,2022-01-15,220711,65.74649985,92.631
Malaysia,MYS,2022-01-16,226012,67.32558832,93.144
Malaysia,MYS,2022-01-17,228834,68.16621984,91.885
Malaysia,MYS,2022-01-18,210969,62.84450402,92.18
Malaysia,MYS,2022-01-19,212771,63.38129282,92.311
Malaysia,MYS,2022-01-20,210055,62.57223712,92.647
Malaysia,MYS,2022-01-21,204657,60.9642538,95.594
Malaysia,MYS,2022-01-22,203283,60.55495979,99.98
Malaysia,MYS,2022-01-23,201030,59.88382484,103.541
Malaysia,MYS,2022-01-24,195313,58.1808162,107.212
Malaysia,MYS,2022-01-25,207474,61.80339589,110.667
Malaysia,MYS,2022-01-26,198820,59.22549896,117.045
Malaysia,MYS,2022-01-27,192570,57.36371761,124.095
Malaysia,MYS,2022-01-28,189906,56.57015192,130.308
Malaysia,MYS,2022-01-29,181302,54.00714924,134.614
Malaysia,MYS,2022-01-30,173973,51.82394996,139.072
Malaysia,MYS,2022-01-31,158375,47.17753947,145.639
Malaysia,MYS,2022-02-01,131317,39.1173667,151.953
Malaysia,MYS,2022-02-02,105228,31.3458445,156.128
Malaysia,MYS,2022-02-03,90098,26.83884421,157.311
Malaysia,MYS,2022-02-04,77113,22.97080727,164.517
Malaysia,MYS,2022-02-05,73512,21.89812332,181.262
Malaysia,MYS,2022-02-06,71795,21.38665475,203.041
Malaysia,MYS,2022-02-07,75354,22.44682752,229.392
Malaysia,MYS,2022-02-08,93749,27.9264224,264.657
Malaysia,MYS,2022-02-09,113811,33.9025916,312.635
Malaysia,MYS,2022-02-10,124500,37.08668454,368.914
Malaysia,MYS,2022-02-11,134858,40.17217754,426.603
Malaysia,MYS,2022-02-12,145194,43.25111707,484.208
Malaysia,MYS,2022-02-13,152400,45.3976765,530.439
Malaysia,MYS,2022-02-14,156655,46.66517724,573.715
Malaysia,MYS,2022-02-15,156725,46.68602919,608.185
Malaysia,MYS,2022-02-16,156354,46.57551385,653.212
Malaysia,MYS,2022-02-17,156226,46.53738457,685.249
Malaysia,MYS,2022-02-18,155929,46.44891272,714.163
Malaysia,MYS,2022-02-19,156907,46.74024427,739.516
Malaysia,MYS,2022-02-20,158254,47.14149538,763.762
Malaysia,MYS,2022-02-21,156506,46.62079237,779.69
Malaysia,MYS,2022-02-22,155634,46.36103664,800.93
Malaysia,MYS,2022-02-23,152661,45.47542449,815.107
Malaysia,MYS,2022-02-24,147429,43.91689008,837.707
Malaysia,MYS,2022-02-25,143545,42.75990468,849.645
Malaysia,MYS,2022-02-26,138887,41.37235627,843.221
Malaysia,MYS,2022-02-27,135016,40.21924337,833.262
Malaysia,MYS,2022-02-28,131919,39.29669348,824.848
Malaysia,MYS,2022-03-01,125099,37.26511766,819.27
Malaysia,MYS,2022-03-02,118428,35.27792672,803.7
Malaysia,MYS,2022-03-03,112469,33.50282991,805.371
Malaysia,MYS,2022-03-04,105082,31.30235329,816.168
Malaysia,MYS,2022-03-05,97751,29.11855824,841.874
Malaysia,MYS,2022-03-06,91324,27.20405124,854.372
Malaysia,MYS,2022-03-07,83637,24.91420912,870.182
Malaysia,MYS,2022-03-08,78823,23.48019065,893.906
Malaysia,MYS,2022-03-09,73628,21.93267799,905.465
Malaysia,MYS,2022-03-10,68931,20.53351206,898.393
Malaysia,MYS,2022-03-11,65457,19.49865952,896.671
Malaysia,MYS,2022-03-12,62332,18.56776884,866.549
Malaysia,MYS,2022-03-13,60544,18.03515043,845.924
Malaysia,MYS,2022-03-14,58803,17.51653262,825.61
Malaysia,MYS,2022-03-15,57109,17.0119154,804.748
Malaysia,MYS,2022-03-16,55012,16.38725052,796.548
Malaysia,MYS,2022-03-17,52359,15.59696157,780.624
Malaysia,MYS,2022-03-18,49857,14.85165326,744.597
Malaysia,MYS,2022-03-19,48043,14.31128984,728.142
Malaysia,MYS,2022-03-20,45572,13.57521597,713.704
Malaysia,MYS,2022-03-21,42109,12.54364015,696.017
Malaysia,MYS,2022-03-22,38004,11.32082216,674.756
Malaysia,MYS,2022-03-23,35027,10.43401847,650.312
Malaysia,MYS,2022-03-24,32489,9.677986297,638.997
Malaysia,MYS,2022-03-25,31326,9.331546023,628.886
Malaysia,MYS,2022-03-26,30889,9.201370271,622.918
Malaysia,MYS,2022-03-27,30339,9.037533512,613.48
Malaysia,MYS,2022-03-28,32370,9.64253798,594.572
Malaysia,MYS,2022-03-29,35206,10.48733989,568.188
Malaysia,MYS,2022-03-30,38803,11.55883229,540.617
Malaysia,MYS,2022-03-31,43051,12.82424784,516.388
Malaysia,MYS,2022-04-01,43395,12.92672029,498.023
Malaysia,MYS,2022-04-02,42616,12.69466786,471.794
Malaysia,MYS,2022-04-03,41600,12.39201668,452.924
Malaysia,MYS,2022-04-04,38784,11.55317248,438.89
Malaysia,MYS,2022-04-05,35185,10.4810843,425.429
Malaysia,MYS,2022-04-06,31420,9.359547215,409.282
Malaysia,MYS,2022-04-07,27409,8.164730414,381.643
Malaysia,MYS,2022-04-08,27562,8.210306822,370.985
Malaysia,MYS,2022-04-09,30023,8.943401847,351.98
Malaysia,MYS,2022-04-10,33327,9.927613941,334.015
Malaysia,MYS,2022-04-11,36925,10.99940423,324.489
Malaysia,MYS,2022-04-12,40303,12.00565982,311.798
Malaysia,MYS,2022-04-13,43566,12.97765862,303.156
Malaysia,MYS,2022-04-14,47892,14.2663092,296.501
Malaysia,MYS,2022-04-15,51059,15.20971105,274.314
Malaysia,MYS,2022-04-16,56687,16.88620792,272.327
Malaysia,MYS,2022-04-17,59886,17.83914209,266.059
Malaysia,MYS,2022-04-18,61364,18.27941615,263.538
Malaysia,MYS,2022-04-19,61658,18.36699434,251.192
Malaysia,MYS,2022-04-20,63745,18.98868037,238.21
Malaysia,MYS,2022-04-21,64326,19.16175156,219.209
Malaysia,MYS,2022-04-22,65714,19.57521597,205.188
Malaysia,MYS,2022-04-23,65159,19.40988978,188.01
Malaysia,MYS,2022-04-24,64203,19.12511171,176.994
Malaysia,MYS,2022-04-25,61737,18.39052726,157.37
Malaysia,MYS,2022-04-26,59858,17.83080131,145.971
Malaysia,MYS,2022-04-27,56010,16.68453977,131.251
Malaysia,MYS,2022-04-28,51665,15.39022937,118.775
Malaysia,MYS,2022-04-29,47799,14.2386059,102.935
Malaysia,MYS,2022-04-30,41798,12.45099791,88.131
Malaysia,MYS,2022-05-01,35611,10.60798332,77.595
Malaysia,MYS,2022-05-02,30009,8.939231457,72.855
Malaysia,MYS,2022-05-03,24944,7.430443849,62.589
Malaysia,MYS,2022-05-04,19901,5.928209711,52.415
Malaysia,MYS,2022-05-05,16743,4.987488829,45.44
Malaysia,MYS,2022-05-06,13804,4.112004766,39.85
Malaysia,MYS,2022-05-07,12020,3.580577897,36.756
Malaysia,MYS,2022-05-08,14509,4.322013703,39.492
Malaysia,MYS,2022-05-09,18638,5.551980935,43.255
Malaysia,MYS,2022-05-10,23140,6.893059279,50.339
Malaysia,MYS,2022-05-11,27848,8.295501936,59.882
Malaysia,MYS,2022-05-12,32187,9.588025022,68.856
Malaysia,MYS,2022-05-13,37260,11.09919571,76.34
Malaysia,MYS,2022-05-14,40588,12.09055704,80.554
Malaysia,MYS,2022-05-15,39958,11.90288948,80.916
Malaysia,MYS,2022-05-16,37094,11.0497468,78.605
Malaysia,MYS,2022-05-17,34941,10.40840036,73.823
Malaysia,MYS,2022-05-18,32029,9.54095919,68.334
Malaysia,MYS,2022-05-19,28467,8.479892761,62.921
Malaysia,MYS,2022-05-20,23934,7.129579982,58.855
Malaysia,MYS,2022-05-21,20557,6.123622282,57.386
Malaysia,MYS,2022-05-22,19259,5.736967531,55.597
Malaysia,MYS,2022-05-23,19307,5.751266011,54.953
Malaysia,MYS,2022-05-24,18619,5.54632112,56.843
Malaysia,MYS,2022-05-25,18309,5.453976765,58.581
Malaysia,MYS,2022-05-26,18160,5.409591898,57.407
Malaysia,MYS,2022-05-27,17870,5.323205243,56.624
Malaysia,MYS,2022-05-28,17313,5.157283289,55.029
Malaysia,MYS,2022-05-29,17089,5.090557045,52.255
Malaysia,MYS,2022-05-30,17372,5.174858505,51.333
Malaysia,MYS,2022-05-31,17784,5.297587131,49.367
Malaysia,MYS,2022-06-01,16756,4.991361335,46.753
Malaysia,MYS,2022-06-02,15283,4.552576705,46.888
Malaysia,MYS,2022-06-03,13478,4.014894251,46.749
Malaysia,MYS,2022-06-04,11716,3.490020852,46.522
Malaysia,MYS,2022-06-05,10274,3.060470658,47.376
Malaysia,MYS,2022-06-06,8607,2.563896336,47.397
Malaysia,MYS,2022-06-07,7261,2.162943104,46.037
Malaysia,MYS,2022-06-08,7376,2.197199881,44.813
Malaysia,MYS,2022-06-09,7699,2.293416741,44.855
Malaysia,MYS,2022-06-10,8083,2.407804587,37.093
Malaysia,MYS,2022-06-11,8632,2.571343461,46.707
Malaysia,MYS,2022-06-12,9062,2.699434018,47.603
Malaysia,MYS,2022-06-13,9856,2.935954721,50.811
Malaysia,MYS,2022-06-14,10007,2.980935359,54.153
Malaysia,MYS,2022-06-15,10407,3.100089366,57.529
Malaysia,MYS,2022-06-16,10820,3.223115877,58.143
Malaysia,MYS,2022-06-17,11433,3.405719392,67.109
Malaysia,MYS,2022-06-18,11963,3.563598451,59.751
Malaysia,MYS,2022-06-19,12276,3.656836461,60.252
Malaysia,MYS,2022-06-20,12248,3.648495681,60.257
Malaysia,MYS,2022-06-21,12224,3.64134644,60.252
Malaysia,MYS,2022-06-22,12323,3.670837057,60.694
Malaysia,MYS,2022-06-23,12475,3.716115579,63.906
Malaysia,MYS,2022-06-24,12772,3.804587429,65.514
Malaysia,MYS,2022-06-25,12298,3.663389931,66.251
Malaysia,MYS,2022-06-26,11865,3.534405719,67.568
Malaysia,MYS,2022-06-27,11586,3.4512958,66.731
Malaysia,MYS,2022-06-28,11264,3.355376825,67.168
Malaysia,MYS,2022-06-29,10562,3.146261543,67.926
Malaysia,MYS,2022-06-30,9773,2.911230265,68.225
Malaysia,MYS,2022-07-01,8305,2.473935061,69.323
Malaysia,MYS,2022-07-02,7650,2.278820375,70.271
Malaysia,MYS,2022-07-03,7651,2.27911826,61.839
Malaysia,MYS,2022-07-04,7831,2.332737563,64.542
Malaysia,MYS,2022-07-05,8268,2.462913315,64.091
Malaysia,MYS,2022-07-06,8985,2.676496872,65.468
Malaysia,MYS,2022-07-07,10112,3.012213286,68.389
Malaysia,MYS,2022-07-08,11504,3.426869228,73.638
Malaysia,MYS,2022-07-09,12041,3.586833482,78.108
Malaysia,MYS,2022-07-10,11703,3.486148347,89.89
Malaysia,MYS,2022-07-11,11407,3.397974382,92.955
Malaysia,MYS,2022-07-12,11670,3.476318141,95.055
Malaysia,MYS,2022-07-13,12027,3.582663092,92.584
Malaysia,MYS,2022-07-14,12099,3.604110813,94.154
Malaysia,MYS,2022-07-15,12519,3.72922252,94.483
Malaysia,MYS,2022-07-16,13506,4.023235031,101.306
Malaysia,MYS,2022-07-17,14580,4.343163539,110.769
Malaysia,MYS,2022-07-18,15675,4.669347632,113.681
Malaysia,MYS,2022-07-19,16117,4.801012809,116.472
Malaysia,MYS,2022-07-20,16475,4.907655645,123.026
Malaysia,MYS,2022-07-21,16939,5.045874293,130.397
Malaysia,MYS,2022-07-22,16949,5.048853143,132.455
Malaysia,MYS,2022-07-23,16794,5.002680965,126.857
Malaysia,MYS,2022-07-24,16780,4.998510575,125.884
Malaysia,MYS,2022-07-25,17090,5.09085493,120.681
Malaysia,MYS,2022-07-26,17505,5.214477212,121.608
Malaysia,MYS,2022-07-27,17282,5.148048853,125.215
Malaysia,MYS,2022-07-28,16812,5.008042895,120.24
Malaysia,MYS,2022-07-29,16403,4.886207924,117.457
Malaysia,MYS,2022-07-30,15320,4.563598451,121.582
Malaysia,MYS,2022-07-31,14754,4.394995532,119.288
Malaysia,MYS,2022-08-01,13811,4.114089961,119.553
Malaysia,MYS,2022-08-02,12704,3.784331248,119.187
Malaysia,MYS,2022-08-03,11987,3.570747691,116.851
Malaysia,MYS,2022-08-04,11144,3.319630623,120.332
Malaysia,MYS,2022-08-05,10010,2.981829014,122.382
Malaysia,MYS,2022-08-06,9642,2.872207328,101.925
Malaysia,MYS,2022-08-07,9013,2.684837653,120.193
Malaysia,MYS,2022-08-08,8708,2.593982723,119.962
Malaysia,MYS,2022-08-09,8413,2.506106643,118.488
Malaysia,MYS,2022-08-10,8130,2.421805183,113.77
Malaysia,MYS,2022-08-11,7735,2.304140602,111.943
Malaysia,MYS,2022-08-12,7409,2.207030086,113.702
Malaysia,MYS,2022-08-13,7221,2.151027703,130.3
Malaysia,MYS,2022-08-14,7164,2.134048257,112.296
Malaysia,MYS,2022-08-15,6904,2.056598153,113.631
Malaysia,MYS,2022-08-16,6623,1.972892464,111.838
Malaysia,MYS,2022-08-17,6439,1.91808162,113.294
Malaysia,MYS,2022-08-18,6349,1.891271969,107.485
Malaysia,MYS,2022-08-19,6276,1.869526363,104.286
Malaysia,MYS,2022-08-20,6032,1.796842419,102.379
Malaysia,MYS,2022-08-21,5903,1.758415252,95.914
Malaysia,MYS,2022-08-22,5826,1.735478105,93.468
Malaysia,MYS,2022-08-23,5701,1.698242478,91.957
Malaysia,MYS,2022-08-24,5624,1.675305332,88.981
Malaysia,MYS,2022-08-25,5297,1.577896932,85.277
Malaysia,MYS,2022-08-26,4887,1.455764075,81.636
Malaysia,MYS,2022-08-27,4744,1.413166518,80.07
Malaysia,MYS,2022-08-28,4598,1.369675305,78.778
Malaysia,MYS,2022-08-29,4500,1.340482574,77.628
Malaysia,MYS,2022-08-30,4456,1.327375633,77.073
Malaysia,MYS,2022-08-31,3885,1.157283289,74.64
Malaysia,MYS,2022-09-01,3673,1.094131665,73.394
Malaysia,MYS,2022-09-02,3498,1.042001787,69.816
Malaysia,MYS,2022-09-03,3251,0.968424188,66.491
Malaysia,MYS,2022-09-04,3126,0.931188561,65.451
Malaysia,MYS,2022-09-05,2982,0.888293119,64.243
Malaysia,MYS,2022-09-06,2812,0.837652666,62.306
Malaysia,MYS,2022-09-07,3061,0.911826035,61.982
Malaysia,MYS,2022-09-08,3174,0.945487042,62.353
Malaysia,MYS,2022-09-09,3041,0.905868335,61.806
Malaysia,MYS,2022-09-10,3001,0.893952934,60.383
Malaysia,MYS,2022-09-11,2981,0.887995234,59.234
Malaysia,MYS,2022-09-12,2906,0.865653858,57.462
Malaysia,MYS,2022-09-13,2875,0.856419422,58.981
Malaysia,MYS,2022-09-14,2808,0.836461126,58.455
Malaysia,MYS,2022-09-15,2719,0.80994936,58.468
Malaysia,MYS,2022-09-16,2319,0.690795353,59.095
Malaysia,MYS,2022-09-17,2228,0.663687817,50.718
Malaysia,MYS,2022-09-18,2171,0.646708371,57.361
Malaysia,MYS,2022-09-19,2144,0.638665475,58.017
Malaysia,MYS,2022-09-20,2124,0.632707775,55.744
Malaysia,MYS,2022-09-21,2036,0.606493893,54.587
Malaysia,MYS,2022-09-22,1923,0.572832887,53.24
Malaysia,MYS,2022-09-23,2297,0.684241883,52.692
Malaysia,MYS,2022-09-24,2370,0.705987489,61.406
Malaysia,MYS,2022-09-25,2406,0.716711349,54.566
Malaysia,MYS,2022-09-26,2395,0.713434614,54.435
Malaysia,MYS,2022-09-27,2322,0.691689008,53.926
Malaysia,MYS,2022-09-28,2301,0.685433423,53.442
Malaysia,MYS,2022-09-29,2190,0.652368186,54.848
Malaysia,MYS,2022-09-30,2129,0.6341972,53.256
Malaysia,MYS,2022-10-01,2050,0.610664284,52.991
Malaysia,MYS,2022-10-02,2015,0.600238308,51.737
Malaysia,MYS,2022-10-03,1943,0.578790587,50.693
Malaysia,MYS,2022-10-04,1867,0.556151326,50.937
Malaysia,MYS,2022-10-05,1805,0.537682455,50.647
Malaysia,MYS,2022-10-06,1722,0.512957998,47.603
Malaysia,MYS,2022-10-07,1516,0.451593685,47.296
Malaysia,MYS,2022-10-08,1488,0.443252904,46.374
Malaysia,MYS,2022-10-09,1418,0.422400953,46.378
Malaysia,MYS,2022-10-10,1368,0.407506702,46.77
Malaysia,MYS,2022-10-11,1342,0.399761692,46.757
Malaysia,MYS,2022-10-12,1343,0.400059577,45.949
Malaysia,MYS,2022-10-13,1339,0.398868037,45.553
Malaysia,MYS,2022-10-14,1315,0.391718797,46.799
Malaysia,MYS,2022-10-15,1286,0.383080131,48.664
Malaysia,MYS,2022-10-16,1304,0.388442061,50.331
Malaysia,MYS,2022-10-17,1352,0.402740542,51.421
Malaysia,MYS,2022-10-18,1359,0.404825737,51.291
Malaysia,MYS,2022-10-19,1301,0.387548406,53.741
Malaysia,MYS,2022-10-20,1384,0.412272863,56.548
Malaysia,MYS,2022-10-21,1360,0.405123622,58.531
Malaysia,MYS,2022-10-22,1318,0.392612452,58.636
Malaysia,MYS,2022-10-23,1315,0.391718797,61.141
Malaysia,MYS,2022-10-24,1229,0.366100685,62.58
Malaysia,MYS,2022-10-25,1166,0.347333929,64.798
Malaysia,MYS,2022-10-26,1168,0.347929699,64.251
Malaysia,MYS,2022-10-27,1055,0.314268692,63.582
Malaysia,MYS,2022-10-28,1012,0.301459637,64.428
Malaysia,MYS,2022-10-29,1024,0.305034257,68.355
Malaysia,MYS,2022-10-30,1027,0.305927912,70.506
Malaysia,MYS,2022-10-31,1145,0.341078344,75.734
Malaysia,MYS,2022-11-01,1221,0.363717605,80.684
Malaysia,MYS,2022-11-02,1336,0.397974382,85.609
Malaysia,MYS,2022-11-03,1475,0.439380399,93.325
Malaysia,MYS,2022-11-04,1713,0.510277033,101.529
Malaysia,MYS,2022-11-05,1870,0.557044981,106.458
Malaysia,MYS,2022-11-06,1948,0.580280012,112.738
Malaysia,MYS,2022-11-07,2150,0.640452785,115.336
Malaysia,MYS,2022-11-08,2371,0.706285374,113.686
Malaysia,MYS,2022-11-09,2619,0.780160858,117.339
Malaysia,MYS,2022-11-10,2834,0.844206136,114.384
Malaysia,MYS,2022-11-11,3157,0.940422997,109.017
Malaysia,MYS,2022-11-12,3375,1.00536193,102.796
Malaysia,MYS,2022-11-13,3490,1.039618707,97.004
Malaysia,MYS,2022-11-14,3640,1.08430146,89.937
Malaysia,MYS,2022-11-15,3756,1.118856122,86.687
Malaysia,MYS,2022-11-16,3888,1.158176944,82.776
Malaysia,MYS,2022-11-17,4062,1.210008937,82.932
Malaysia,MYS,2022-11-18,3760,1.120047662,83.021
Malaysia,MYS,2022-11-19,3325,0.990467679,83.673
Malaysia,MYS,2022-11-20,3237,0.964253798,80.327
Malaysia,MYS,2022-11-21,3087,0.919571046,77.797
Malaysia,MYS,2022-11-22,2956,0.880548108,79.363
Malaysia,MYS,2022-11-23,2758,0.821566875,77.948
Malaysia,MYS,2022-11-24,2586,0.770330652,78.929
Malaysia,MYS,2022-11-25,2703,0.805183199,76.488
Malaysia,MYS,2022-11-26,3004,0.894846589,76.433
Malaysia,MYS,2022-11-27,3020,0.899612749,78.319
Malaysia,MYS,2022-11-28,2897,0.862972892,79.956
Malaysia,MYS,2022-11-29,2863,0.852844802,81.404
Malaysia,MYS,2022-11-30,2866,0.853738457,77.852
Malaysia,MYS,2022-12-01,2770,0.825141495,70.275
Malaysia,MYS,2022-12-02,2657,0.791480489,68.162
Malaysia,MYS,2022-12-03,2560,0.762585642,63.287
Malaysia,MYS,2022-12-04,2534,0.754840632,61.279
Malaysia,MYS,2022-12-05,2558,0.761989872,59.091
Malaysia,MYS,2022-12-06,2534,0.754840632,55.348
Malaysia,MYS,2022-12-07,2448,0.72922252,55.252
Malaysia,MYS,2022-12-08,2544,0.757819482,55.02
Malaysia,MYS,2022-12-09,2615,0.778969318,51.825
Malaysia,MYS,2022-12-10,2566,0.764372952,49.085
Malaysia,MYS,2022-12-11,2508,0.747095621,46.037
Malaysia,MYS,2022-12-12,2525,0.752159666,43.365
Malaysia,MYS,2022-12-13,2479,0.738456956,40.136
Malaysia,MYS,2022-12-14,2434,0.72505213,37.572
Malaysia,MYS,2022-12-15,2268,0.675603217,35.716
Malaysia,MYS,2022-12-16,2137,0.63658028,33.801
Malaysia,MYS,2022-12-17,2154,0.641644325,32.866
Malaysia,MYS,2022-12-18,2152,0.641048555,30.513
Malaysia,MYS,2022-12-19,2040,0.607685433,30.429
Malaysia,MYS,2022-12-20,2055,0.612153709,30.059
Malaysia,MYS,2022-12-21,1964,0.585046172,29.116
Malaysia,MYS,2022-12-22,1860,0.55406613,28.034
Malaysia,MYS,2022-12-23,1751,0.521596664,26.759
Malaysia,MYS,2022-12-24,1613,0.480488531,28.043
Malaysia,MYS,2022-12-25,1536,0.457551385,26.477
Malaysia,MYS,2022-12-26,1526,0.454572535,23.808
Malaysia,MYS,2022-12-27,1485,0.442359249,22.794
Malaysia,MYS,2022-12-28,1569,0.467381591,21.139
Malaysia,MYS,2022-12-29,1725,0.513851653,19.018
Malaysia,MYS,2022-12-30,1919,0.571641346,18.264
Malaysia,MYS,2022-12-31,2135,0.63598451,15.255
Malaysia,MYS,2023-01-01,2269,0.675901102,14.19
Malaysia,MYS,2023-01-02,2522,0.751266011,15.061
Malaysia,MYS,2023-01-03,2864,0.853142687,14.56
Malaysia,MYS,2023-01-04,3348,0.997319035,14.177
Malaysia,MYS,2023-01-05,4007,1.193625261,13.979
Malaysia,MYS,2023-01-06,4613,1.374143581,13.525
Malaysia,MYS,2023-01-07,5019,1.495084897,13.356
Malaysia,MYS,2023-01-08,5333,1.588620792,13.6
Malaysia,MYS,2023-01-09,6141,1.829311886,13.537
Malaysia,MYS,2023-01-10,6764,2.014894251,13.63
Malaysia,MYS,2023-01-11,7366,2.194221031,13.832
Malaysia,MYS,2023-01-12,7992,2.380697051,13.554
Malaysia,MYS,2023-01-13,8748,2.605898123,12.763
Malaysia,MYS,2023-01-14,8796,2.620196604,11.824
Malaysia,MYS,2023-01-15,8901,2.651474531,10.629
Malaysia,MYS,2023-01-16,8767,2.611557939,9.951
Malaysia,MYS,2023-01-17,8705,2.593089068,9.294
Malaysia,MYS,2023-01-18,8378,2.495680667,9.168
Malaysia,MYS,2023-01-19,7968,2.373547811,9.185
Malaysia,MYS,2023-01-20,7450,2.219243372,8.911
Malaysia,MYS,2023-01-21,7008,2.087578195,8.764
Malaysia,MYS,2023-01-22,6542,1.948763777,8.789
Malaysia,MYS,2023-01-23,5719,1.703604409,9.063
Malaysia,MYS,2023-01-24,4932,1.469168901,8.705
Malaysia,MYS,2023-01-25,4574,1.362526065,7.657
Malaysia,MYS,2023-01-26,4019,1.197199881,6.651
Malaysia,MYS,2023-01-27,3430,1.021745606,6.036
Malaysia,MYS,2023-01-28,3420,1.018766756,5.83
Malaysia,MYS,2023-01-29,3604,1.073577599,5.683
Malaysia,MYS,2023-01-30,3853,1.147750968,5.514
Malaysia,MYS,2023-01-31,4043,1.204349121,5.767
Malaysia,MYS,2023-02-01,3640,1.08430146,6.398
Malaysia,MYS,2023-02-02,3231,0.962466488,7.211
Malaysia,MYS,2023-02-03,2957,0.880845993,7.85
Malaysia,MYS,2023-02-04,2799,0.833780161,8.288
Malaysia,MYS,2023-02-05,2606,0.776288353,8.052
Malaysia,MYS,2023-02-06,2284,0.680369377,7.808
Malaysia,MYS,2023-02-07,1972,0.587429252,7.695
Malaysia,MYS,2023-02-08,1887,0.562109026,7.413
Malaysia,MYS,2023-02-09,1772,0.527852249,6.84
Malaysia,MYS,2023-02-10,1677,0.499553172,6.609
Malaysia,MYS,2023-02-11,1663,0.495382782,6.251
Malaysia,MYS,2023-02-12,1669,0.497170092,6.491
Malaysia,MYS,2023-02-13,1664,0.495680667,6.276
Malaysia,MYS,2023-02-14,1588,0.473041406,6.23
Malaysia,MYS,2023-02-15,1547,0.46082812,6.297
Malaysia,MYS,2023-02-16,1519,0.45248734,6.499
Malaysia,MYS,2023-02-17,1540,0.458742925,6.55
Malaysia,MYS,2023-02-18,1493,0.444742329,6.491
Malaysia,MYS,2023-02-19,1442,0.429550194,6.293
Malaysia,MYS,2023-02-20,1381,0.411379208,6.402
Malaysia,MYS,2023-02-21,1342,0.399761692,6.415
Malaysia,MYS,2023-02-22,1262,0.375930891,6.348
Malaysia,MYS,2023-02-23,1222,0.36401549,6.314
Malaysia,MYS,2023-02-24,1142,0.340184689,6.074
Malaysia,MYS,2023-02-25,1109,0.330354483,5.784
Malaysia,MYS,2023-02-26,1124,0.334822758,5.754
Malaysia,MYS,2023-02-27,1094,0.325886208,5.843
Malaysia,MYS,2023-02-28,1080,0.321715818,5.939
Malaysia,MYS,2023-03-01,1116,0.332439678,6.032
Malaysia,MYS,2023-03-02,1042,0.310396187,5.981
Malaysia,MYS,2023-03-03,901,0.2683944,6.066
Malaysia,MYS,2023-03-04,901,0.2683944,6.057
Malaysia,MYS,2023-03-05,870,0.259159964,6.053
Malaysia,MYS,2023-03-06,837,0.249329759,5.872
Malaysia,MYS,2023-03-07,795,0.236818588,5.864
Malaysia,MYS,2023-03-08,744,0.221626452,5.948
Malaysia,MYS,2023-03-09,742,0.221030682,6.024
Malaysia,MYS,2023-03-10,730,0.217456062,6.171
Malaysia,MYS,2023-03-11,707,0.210604707,5.455
Malaysia,MYS,2023-03-12,702,0.209115282,6.592
Malaysia,MYS,2023-03-13,710,0.211498362,5.901
Malaysia,MYS,2023-03-14,714,0.212689902,5.11
Malaysia,MYS,2023-03-15,708,0.210902592,4.159
Malaysia,MYS,2023-03-16,690,0.205540661,3.17
Malaysia,MYS,2023-03-17,675,0.201072386,1.995
Malaysia,MYS,2023-03-18,716,0.213285672,1.995
Malaysia,MYS,2023-03-19,693,0.206434316,7.779
Malaysia,MYS,2023-03-20,671,0.199880846,7.779
Malaysia,MYS,2023-03-21,655,0.195114686,7.779
Malaysia,MYS,2023-03-22,647,0.192731606,7.779
Malaysia,MYS,2023-03-23,584,0.17396485,7.779
Malaysia,MYS,2023-03-24,537,0.159964254,7.779
Malaysia,MYS,2023-03-25,469,0.139708073,7.779
Malaysia,MYS,2023-03-26,477,0.142091153,9.378
Malaysia,MYS,2023-03-27,493,0.146857313,9.378
Malaysia,MYS,2023-03-28,502,0.149538278,9.378
Malaysia,MYS,2023-03-29,492,0.146559428,9.378
Malaysia,MYS,2023-03-30,541,0.161155794,9.378
Malaysia,MYS,2023-03-31,545,0.162347334,9.378
Malaysia,MYS,2023-04-01,551,0.164134644,9.378
Malaysia,MYS,2023-04-02,556,0.165624069,12.918
Malaysia,MYS,2023-04-03,533,0.158772714,12.918
Malaysia,MYS,2023-04-04,510,0.151921358,12.918
Malaysia,MYS,2023-04-05,505,0.150431933,12.918
Malaysia,MYS,2023-04-06,491,0.146261543,12.918
Malaysia,MYS,2023-04-07,453,0.134941912,12.918
Malaysia,MYS,2023-04-08,435,0.129579982,12.918
Malaysia,MYS,2023-04-09,424,0.126303247,19.253
Malaysia,MYS,2023-04-10,432,0.128686327,19.253
Malaysia,MYS,2023-04-11,447,0.133154602,19.253
Malaysia,MYS,2023-04-12,451,0.134346142,19.253
Malaysia,MYS,2023-04-13,449,0.133750372,19.253
Malaysia,MYS,2023-04-14,477,0.142091153,19.253
Malaysia,MYS,2023-04-15,482,0.143580578,19.253
Malaysia,MYS,2023-04-16,489,0.145665773,17.965
Malaysia,MYS,2023-04-17,489,0.145665773,17.965
Malaysia,MYS,2023-04-18,474,0.141197498,21.674
Malaysia,MYS,2023-04-19,460,0.137027108,21.674
Malaysia,MYS,2023-04-20,461,0.137324993,21.674
Malaysia,MYS,2023-04-21,395,0.117664581,21.674
Malaysia,MYS,2023-04-22,359,0.106940721,21.674
Malaysia,MYS,2023-04-23,332,0.098897825,23.985
Malaysia,MYS,2023-04-24,282,0.084003575,23.985
Malaysia,MYS,2023-04-25,270,0.080428954,20.276
Malaysia,MYS,2023-04-26,275,0.08191838,20.276
Malaysia,MYS,2023-04-27,293,0.08728031,20.276
Malaysia,MYS,2023-04-28,381,0.113494191,20.276
Malaysia,MYS,2023-04-29,427,0.127196902,20.276
Malaysia,MYS,2023-04-30,486,0.144772118,20.276
Malaysia,MYS,2023-05-01,487,0.145070003,20.891
Malaysia,MYS,2023-05-02,481,0.143282693,20.891
Malaysia,MYS,2023-05-03,470,0.140005958,20.891
Malaysia,MYS,2023-05-04,392,0.116770926,20.891
Malaysia,MYS,2023-05-05,364,0.108430146,20.891
Malaysia,MYS,2023-05-06,337,0.100387251,20.891
Malaysia,MYS,2023-05-07,301,0.08966339,0.615
Malaysia,MYS,2023-05-08,359,0.106940721,31.974
Malaysia,MYS,2023-05-09,414,0.123324397,31.974
Malaysia,MYS,2023-05-10,434,0.129282097,31.974
Malaysia,MYS,2023-05-11,504,0.150134048,31.974
Malaysia,MYS,2023-05-12,485,0.144474233,31.974
Malaysia,MYS,2023-05-13,505,0.150431933,31.974
Malaysia,MYS,2023-05-14,517,0.154006553,31.974
Malaysia,MYS,2023-05-15,492,0.146559428,51.392
Malaysia,MYS,2023-05-16,449,0.133750372,51.392
Malaysia,MYS,2023-05-17,426,0.126899017,51.392
Malaysia,MYS,2023-05-18,390,0.116175156,51.392
Malaysia,MYS,2023-05-19,380,0.113196306,51.392
Malaysia,MYS,2023-05-20,373,0.111111111,51.392
Malaysia,MYS,2023-05-21,353,0.105153411,51.392
Malaysia,MYS,2023-05-22,341,0.101578791,27.104
Malaysia,MYS,2023-05-23,363,0.108132261,27.104
Malaysia,MYS,2023-05-24,354,0.105451296,27.104
Malaysia,MYS,2023-05-25,378,0.112600536,27.104
Malaysia,MYS,2023-05-26,377,0.112302651,27.104
Malaysia,MYS,2023-05-27,364,0.108430146,27.104
Malaysia,MYS,2023-05-28,388,0.115579386,27.104
Malaysia,MYS,2023-05-29,394,0.117366696,24.418
Malaysia,MYS,2023-05-30,362,0.107834376,24.418
Malaysia,MYS,2023-05-31,375,0.111706881,24.418
Malaysia,MYS,2023-06-01,333,0.09919571,24.418
Malaysia,MYS,2023-06-02,312,0.092940125,24.418
Malaysia,MYS,2023-06-03,388,0.115579386,24.418
Malaysia,MYS,2023-06-04,361,0.107536491,24.418
Malaysia,MYS,2023-06-05,324,0.096514745,19.039
Malaysia,MYS,2023-06-06,306,0.091152815,19.039
Malaysia,MYS,2023-06-07,292,0.086982425,19.039
Malaysia,MYS,2023-06-08,284,0.084599345,19.039
Malaysia,MYS,2023-06-09,270,0.080428954,19.039
Malaysia,MYS,2023-06-10,180,0.053619303,19.039
Malaysia,MYS,2023-06-11,172,0.051236223,19.039
Malaysia,MYS,2023-06-12,189,0.056300268,16.054
Malaysia,MYS,2023-06-13,196,0.058385463,16.054
Malaysia,MYS,2023-06-14,184,0.054810843,16.054
Malaysia,MYS,2023-06-15,172,0.051236223,16.054
Malaysia,MYS,2023-06-16,183,0.054512958,16.054
Malaysia,MYS,2023-06-17,184,0.054810843,16.054
Malaysia,MYS,2023-06-18,183,0.054512958,16.054
Malaysia,MYS,2023-06-19,185,0.055108728,14.451
Malaysia,MYS,2023-06-20,182,0.054215073,14.451
Malaysia,MYS,2023-06-21,172,0.051236223,14.451
Malaysia,MYS,2023-06-22,174,0.051831993,14.451
Malaysia,MYS,2023-06-23,181,0.053917188,14.451
Malaysia,MYS,2023-06-24,180,0.053619303,14.451
Malaysia,MYS,2023-06-25,183,0.054512958,14.451
Malaysia,MYS,2023-06-26,175,0.052129878,11.357
Malaysia,MYS,2023-06-27,174,0.051831993,11.357
Malaysia,MYS,2023-06-28,174,0.051831993,11.357
Malaysia,MYS,2023-06-29,150,0.044682752,11.357
Malaysia,MYS,2023-06-30,135,0.040214477,11.357
Malaysia,MYS,2023-07-01,124,0.036937742,11.357
Malaysia,MYS,2023-07-02,121,0.036044087,11.357
Malaysia,MYS,2023-07-03,141,0.042001787,4.811
Malaysia,MYS,2023-07-04,144,0.042895442,4.811
Malaysia,MYS,2023-07-05,151,0.044980637,4.811
Malaysia,MYS,2023-07-06,179,0.053321418,4.811
Malaysia,MYS,2023-07-07,178,0.053023533,4.811
Malaysia,MYS,2023-07-08,199,0.059279118,4.811
Malaysia,MYS,2023-07-09,195,0.058087578,4.811
Malaysia,MYS,2023-07-10,178,0.053023533,5.144
Malaysia,MYS,2023-07-11,169,0.050342568,5.144
Malaysia,MYS,2023-07-12,166,0.049448913,5.144
Malaysia,MYS,2023-07-13,149,0.044384867,5.144
Malaysia,MYS,2023-07-14,133,0.039618707,5.144
Malaysia,MYS,2023-07-15,107,0.031873697,5.144
Malaysia,MYS,2023-07-16,99,0.029490617,5.144
Malaysia,MYS,2023-07-17,115,0.034256777,5.06
Malaysia,MYS,2023-07-18,108,0.032171582,5.06
Malaysia,MYS,2023-07-19,86,0.025618111,5.06
Malaysia,MYS,2023-07-20,86,0.025618111,5.06
Malaysia,MYS,2023-07-21,90,0.026809651,5.06
Malaysia,MYS,2023-07-22,89,0.026511766,5.06
Malaysia,MYS,2023-07-23,92,0.027405422,5.06
Malaysia,MYS,2023-07-24,68,0.020256181,4.033
Malaysia,MYS,2023-07-25,69,0.020554066,4.033
Malaysia,MYS,2023-07-26,85,0.025320226,4.033
Malaysia,MYS,2023-07-27,88,0.026213881,4.033
Malaysia,MYS,2023-07-28,99,0.029490617,4.033
Malaysia,MYS,2023-07-29,102,0.030384272,4.033
Malaysia,MYS,2023-07-30,107,0.031873697,7.964
Malaysia,MYS,2023-07-31,107,0.031873697,3.932
Malaysia,MYS,2023-08-01,103,0.030682157,3.932
Malaysia,MYS,2023-08-02,90,0.026809651,3.932
Malaysia,MYS,2023-08-03,84,0.025022341,3.932
Malaysia,MYS,2023-08-04,70,0.020851951,3.932
Malaysia,MYS,2023-08-05,68,0.020256181,3.932
Malaysia,MYS,2023-08-06,60,0.017873101,2.925
Malaysia,MYS,2023-08-07,59,0.017575216,2.925
Malaysia,MYS,2023-08-08,63,0.018766756,2.925
Malaysia,MYS,2023-08-09,68,0.020256181,2.925
Malaysia,MYS,2023-08-10,74,0.022043491,2.925
Malaysia,MYS,2023-08-11,82,0.024426571,2.925
Malaysia,MYS,2023-08-12,83,0.024724456,2.925
Malaysia,MYS,2023-08-13,88,0.026213881,2.45
Malaysia,MYS,2023-08-14,84,0.025022341,2.45
Malaysia,MYS,2023-08-15,84,0.025022341,2.45
Malaysia,MYS,2023-08-16,85,0.025320226,2.45
Malaysia,MYS,2023-08-17,89,0.026511766,2.45
Malaysia,MYS,2023-08-18,89,0.026511766,2.45
Malaysia,MYS,2023-08-19,91,0.027107536,2.45
Malaysia,MYS,2023-08-20,88,0.026213881,2.989
Malaysia,MYS,2023-08-21,90,0.026809651,2.989
Malaysia,MYS,2023-08-22,90,0.026809651,2.989
Malaysia,MYS,2023-08-23,86,0.025618111,2.989
Malaysia,MYS,2023-08-24,80,0.023830801,2.989
Malaysia,MYS,2023-08-25,77,0.022937146,2.989
Malaysia,MYS,2023-08-26,80,0.023830801,2.989
Malaysia,MYS,2023-08-27,83,0.024724456,2.93
Malaysia,MYS,2023-08-28,86,0.025618111,2.93
Malaysia,MYS,2023-08-29,87,0.025915996,2.93
Malaysia,MYS,2023-08-30,95,0.028299077,2.93
Malaysia,MYS,2023-08-31,88,0.026213881,2.93
Malaysia,MYS,2023-09-01,85,0.025320226,2.93
Malaysia,MYS,2023-09-02,83,0.024724456,2.93